classification,Avg Daily Volume,PnL Efficiency,Coin Breadth
Extreme Fear,8177447.245714285,6.455998747717475,85
Fear,5311261.426263737,6.945961623654048,134
Neutral,2690180.045970149,7.173246097256111,147
Greed,1495246.0866321241,7.450657306976239,193
Extreme Greed,1091799.6892105262,21.814708718325523,165
