classification,Avg Daily Trades,Mean Position Size,Median Position Size,L/S Ratio (Bias),Unique Coins Traded
Extreme Fear,1528.5714285714287,5349.7318429906545,766.15,1.0449116101290015,85
Fear,679.5274725274726,7816.109930785776,735.96,0.9589127886717141,134
Neutral,562.4776119402985,4782.732661465797,547.655,1.013463696105145,147
Greed,260.6373056994819,5736.884375086974,555.0,0.9552610098340265,193
Extreme Greed,350.8070175438597,3112.2515645629123,500.05,0.813531652457827,165
