Segment_Frequency,Total_PnL,Win_Rate,Trade_Count
Frequent,496527.661214625,0.8333454057971902,11684.8125
Infrequent,147032.272750125,0.8668916517691487,1516.6875
